Time,Source,Destination,Source Computer,Destination Computer,Authentication Type,Logon Type,Orientation,Attempt
1,ANONYMOUS LOGON@C586,ANONYMOUS LOGON@C586,C1250,C586,NTLM,Network,LogOn,Success
1,ANONYMOUS LOGON@C586,ANONYMOUS LOGON@C586,C586,C586,?,Network,LogOff,Success
1,C101$@DOM1,C101$@DOM1,C988,C988,?,Network,LogOff,Success
1,C1020$@DOM1,SYSTEM@C1020,C1020,C1020,Negotiate,Service,LogOn,Success
1,C1021$@DOM1,C1021$@DOM1,C1021,C625,Kerberos,Network,LogOn,Success
1,C1035$@DOM1,C1035$@DOM1,C1035,C586,Kerberos,Network,LogOn,Success
1,C1035$@DOM1,C1035$@DOM1,C586,C586,?,Network,LogOff,Success
1,C1069$@DOM1,SYSTEM@C1069,C1069,C1069,Negotiate,Service,LogOn,Success
1,C1085$@DOM1,C1085$@DOM1,C1085,C612,Kerberos,Network,LogOn,Success
1,C1085$@DOM1,C1085$@DOM1,C612,C612,?,Network,LogOff,Success
1,C1151$@DOM1,SYSTEM@C1151,C1151,C1151,Negotiate,Service,LogOn,Success
1,C1154$@DOM1,SYSTEM@C1154,C1154,C1154,Negotiate,Service,LogOn,Success
1,C1164$@DOM1,C1164$@DOM1,C625,C625,?,Network,LogOff,Success
1,C119$@DOM1,C119$@DOM1,C119,C528,Kerberos,Network,LogOn,Success
1,C1218$@DOM1,C1218$@DOM1,C1218,C529,Kerberos,Network,LogOn,Success
1,C1235$@DOM1,C1235$@DOM1,C586,C586,?,Network,LogOff,Success
1,C1241$@DOM1,SYSTEM@C1241,C1241,C1241,Negotiate,Service,LogOn,Success
1,C1250$@DOM1,C1250$@DOM1,C1250,C586,Kerberos,Network,LogOn,Success
1,C1314$@DOM1,C1314$@DOM1,C1314,C467,Kerberos,Network,LogOn,Success
1,C144$@DOM1,SYSTEM@C144,C144,C144,Negotiate,Service,LogOn,Success
1,C1444$@DOM1,C1444$@DOM1,C1444,C528,Kerberos,Network,LogOn,Success
1,C1492$@DOM1,C1492$@DOM1,C1492,C1492,?,Network,LogOff,Success
1,C1492$@DOM1,C1492$@DOM1,C1492,C467,Kerberos,Network,LogOn,Success
1,C1492$@DOM1,C1492$@DOM1,C1492,C528,Kerberos,Network,LogOn,Success
1,C1492$@DOM1,C1492$@DOM1,C1492,C586,Kerberos,Network,LogOn,Success
1,C1492$@DOM1,C1492$@DOM1,C1798,C1492,Kerberos,Network,LogOn,Success
1,C1492$@DOM1,C1492$@DOM1,C467,C467,?,Network,LogOff,Success
1,C1492$@DOM1,C1492$@DOM1,C586,C586,?,Network,LogOff,Success
1,C1497$@DOM1,C1497$@DOM1,C586,C586,?,Network,LogOff,Success
1,C1504$@DOM1,U45@C1504,C1504,C1504,Negotiate,Batch,LogOn,Success
1,C1543$@DOM1,SYSTEM@C1543,C1543,C1543,Negotiate,Service,LogOn,Success
1,C1559$@DOM1,C1559$@DOM1,C528,C528,?,Network,LogOff,Success
1,C1678$@DOM1,C1678$@DOM1,C1065,C1065,?,Network,LogOff,Success
1,C1678$@DOM1,C1678$@DOM1,C457,C457,?,Network,LogOff,Success
1,C1678$@DOM1,C1678$@DOM1,C467,C467,?,Network,LogOff,Success
1,C1678$@DOM1,C1678$@DOM1,C528,C528,?,Network,LogOff,Success
1,C1678$@DOM1,C1678$@DOM1,C586,C586,?,Network,LogOff,Success
1,C1678$@DOM1,C1678$@DOM1,C612,C612,?,Network,LogOff,Success
1,C1678$@DOM1,C1678$@DOM1,C625,C625,?,Network,LogOff,Success
1,C1727$@DOM1,C1727$@DOM1,C1727,C1881,Kerberos,Network,LogOn,Success
1,C1727$@DOM1,C1727$@DOM1,C1727,C2516,?,?,TGS,Success
1,C175$@DOM1,SYSTEM@C175,C175,C175,Negotiate,Service,LogOn,Success
1,C1767$@DOM1,U86@DOM1,C1767,C1767,Kerberos,Network,LogOn,Success
1,C1920$@DOM1,C1920$@DOM1,C1920,C586,Kerberos,Network,LogOn,Success
1,C1934$@DOM1,SYSTEM@C1934,C1934,C1934,Negotiate,Service,LogOn,Success
1,C1975$@DOM1,SYSTEM@C1975,C1975,C1975,Negotiate,Service,LogOn,Success
1,C2067$@DOM1,SYSTEM@C2067,C2067,C2067,Negotiate,Service,LogOn,Success
1,C2095$@DOM1,SYSTEM@C2095,C2095,C2095,Negotiate,Service,LogOn,Success
1,C210$@DOM1,SYSTEM@C210,C210,C210,Negotiate,Service,LogOn,Success
1,C2129$@DOM1,C2129$@DOM1,C457,C457,?,Network,LogOff,Success
1,C2155$@DOM1,C2155$@DOM1,C612,C612,?,Network,LogOff,Success
1,C2230$@DOM1,C2230$@DOM1,C528,C528,?,Network,LogOff,Success
1,C2288$@DOM1,C2288$@DOM1,C467,C467,?,Network,LogOff,Success
1,C2288$@DOM1,C2288$@DOM1,C529,C529,?,Network,LogOff,Success
1,C235$@DOM1,C235$@DOM1,C1065,C1065,?,Network,LogOff,Success
1,C2434$@DOM1,SYSTEM@C2434,C2434,C2434,Negotiate,Service,LogOn,Success
1,C2622$@DOM1,SYSTEM@C2622,C2622,C2622,Negotiate,Service,LogOn,Success
1,C2648$@DOM1,SYSTEM@C2648,C2648,C2648,Negotiate,Service,LogOn,Success
1,C269$@DOM1,C269$@DOM1,C586,C586,?,Network,LogOff,Success
1,C2694$@DOM1,C2694$@DOM1,C2695,C528,Kerberos,Network,LogOn,Success
1,C2700$@DOM1,SYSTEM@C2700,C2700,C2700,Negotiate,Service,LogOn,Success
1,C28$@DOM1,SYSTEM@C28,C28,C28,Negotiate,Service,LogOn,Success
1,C282$@DOM1,SYSTEM@C282,C282,C282,Negotiate,Service,LogOn,Success
1,C3$@DOM1,SYSTEM@C3,C3,C3,Negotiate,Service,LogOn,Success
1,C316$@DOM1,SYSTEM@C316,C316,C316,Negotiate,Service,LogOn,Success
1,C3236$@DOM1,SYSTEM@C3236,C3236,C3236,Negotiate,Service,LogOn,Success
1,C3327$@DOM1,SYSTEM@C3327,C3327,C3327,Negotiate,Service,LogOn,Success
1,C3450$@DOM1,C3450$@DOM1,C3450,C625,Kerberos,Network,LogOn,Success
1,C4352$@DOM1,C4352$@DOM1,C1065,C1065,?,Network,LogOff,Success
1,C457$@DOM1,C457$@DOM1,C457,C457,?,Network,LogOff,Success
1,C457$@DOM1,C457$@DOM1,C516,C457,Kerberos,Network,LogOn,Success
1,C467$@DOM1,U188@DOM1,C2485,C467,MICROSOFT_AUTHENTICATION_PACKAGE_V1_0,Network,LogOn,Success
1,C495$@DOM1,SYSTEM@C495,C495,C495,Negotiate,Service,LogOn,Success
1,C520$@DOM1,SYSTEM@C520,C520,C520,Negotiate,Service,LogOn,Success
1,C528$@DOM1,U147@DOM1,C528,C528,Negotiate,Batch,LogOn,Success
1,C538$@DOM1,C538$@DOM1,C528,C528,?,Network,LogOff,Success
1,C553$@DOM1,C553$@DOM1,C528,C528,?,Network,LogOff,Success
1,C553$@DOM1,U175@DOM1,C553,C553,Negotiate,Batch,LogOn,Success
1,C555$@DOM1,SYSTEM@C555,C555,C555,Negotiate,Service,LogOn,Success
1,C567$@DOM1,C567$@DOM1,C101,C101,?,Network,LogOff,Success
1,C567$@DOM1,C567$@DOM1,C553,C553,?,Network,LogOff,Success
1,C567$@DOM1,C567$@DOM1,C574,C101,Kerberos,Network,LogOn,Success
1,C567$@DOM1,C567$@DOM1,C574,C553,Kerberos,Network,LogOn,Success
1,C567$@DOM1,C567$@DOM1,C574,C988,Kerberos,Network,LogOn,Success
1,C580$@DOM1,SYSTEM@C580,C580,C580,Negotiate,Service,LogOn,Success
1,C599$@DOM1,C599$@DOM1,C553,C553,?,Network,LogOff,Success
1,C600$@DOM1,SYSTEM@C600,C600,C600,Negotiate,Service,LogOn,Success
1,C608$@DOM1,C608$@DOM1,C608,C467,?,?,TGS,Success
1,C608$@DOM1,C608$@DOM1,C608,C467,Kerberos,Network,LogOn,Success
1,C608$@DOM1,C608$@DOM1,C608,C529,Kerberos,Network,LogOn,Success
1,C625$@DOM1,C625$@DOM1,C1798,C625,Kerberos,Network,LogOn,Success
1,C625$@DOM1,C625$@DOM1,C2052,C625,Kerberos,Network,LogOn,Success
1,C625$@DOM1,C625$@DOM1,C625,C625,?,Network,LogOff,Success
1,C625$@DOM1,U147@DOM1,C625,C625,Negotiate,Batch,LogOn,Success
1,C653$@DOM1,SYSTEM@C653,C653,C653,Negotiate,Service,LogOn,Success
1,C660$@DOM1,SYSTEM@C660,C660,C660,Negotiate,Service,LogOn,Success
1,C674$@DOM1,SYSTEM@C674,C674,C674,Negotiate,Service,LogOn,Success
1,C688$@DOM1,C688$@DOM1,C688,C1065,Kerberos,Network,LogOn,Success
1,C693$@DOM1,C693$@DOM1,C528,C528,?,Network,LogOff,Success
1,C725$@DOM1,SYSTEM@C725,C725,C725,Negotiate,Service,LogOn,Success
1,C740$@DOM1,SYSTEM@C740,C740,C740,Negotiate,Service,LogOn,Success
1,C748$@DOM1,SYSTEM@C748,C748,C748,Negotiate,Service,LogOn,Success
1,C784$@DOM1,C784$@DOM1,C784,C625,Kerberos,Network,LogOn,Success
1,C810$@DOM1,C810$@DOM1,C1065,C1065,?,Network,LogOff,Success
1,C820$@DOM1,SYSTEM@C820,C820,C820,Negotiate,Service,LogOn,Success
1,C90$@DOM1,SYSTEM@C90,C90,C90,Negotiate,Service,LogOn,Success
1,C916$@DOM1,C916$@DOM1,C528,C528,?,Network,LogOff,Success
1,C922$@DOM1,C922$@DOM1,C586,C586,?,Network,LogOff,Success
1,C977$@DOM1,SYSTEM@C977,C977,C977,Negotiate,Service,LogOn,Success
1,C988$@DOM1,U175@DOM1,C988,C988,Negotiate,Batch,LogOn,Success
1,LOCAL SERVICE@C2493,LOCAL SERVICE@C2493,C2493,C2493,Negotiate,Service,LogOn,Success
1,U101@DOM1,C1862$@DOM1,C1862,C1862,?,?,AuthMap,Success
1,U101@DOM1,U101@DOM1,C1862,C1862,Negotiate,Interactive,LogOn,Success
1,U10@DOM1,U10@DOM1,C229,C229,Kerberos,Network,LogOn,Success
1,U10@DOM1,U10@DOM1,C62,C528,Kerberos,Network,LogOn,Success
1,U1137@DOM1,U1137@DOM1,C1065,C1065,?,Network,LogOff,Success
1,U1137@DOM1,U1137@DOM1,C625,C625,?,Network,LogOff,Success
1,U119@DOM1,U119@DOM1,C229,C229,?,Network,LogOff,Success
1,U119@DOM1,U119@DOM1,C229,C229,Kerberos,Network,LogOn,Success
1,U129@DOM1,U129@DOM1,C419,C419,?,Network,LogOff,Success
1,U129@DOM1,U129@DOM1,C419,C419,Kerberos,Network,LogOn,Success
1,U147@DOM1,C528$@DOM1,C528,C528,?,?,AuthMap,Success
1,U147@DOM1,C625$@DOM1,C625,C625,?,?,AuthMap,Success
1,U147@DOM1,U147@DOM1,C2191,C2191,?,?,TGT,Success
1,U147@DOM1,U147@DOM1,C2191,C528,?,?,TGS,Success
1,U147@DOM1,U147@DOM1,C2191,C625,?,?,TGS,Success
1,U15@DOM1,U15@DOM1,C419,C419,?,Network,LogOff,Success
1,U15@DOM1,U15@DOM1,C419,C419,Kerberos,Network,LogOn,Success
1,U175@DOM1,C553$@DOM1,C553,C553,?,?,AuthMap,Success
1,U175@DOM1,C988$@DOM1,C988,C988,?,?,AuthMap,Success
1,U175@DOM1,U175@DOM1,C1085,C1085,?,?,TGS,Success
1,U175@DOM1,U175@DOM1,C1085,C1085,?,?,TGT,Success
1,U175@DOM1,U175@DOM1,C1709,C1708,?,?,TGS,Success
1,U175@DOM1,U175@DOM1,C1709,C1709,?,?,TGT,Success
1,U175@DOM1,U175@DOM1,C1932,C1931,?,?,TGS,Success
1,U175@DOM1,U175@DOM1,C1932,C1932,?,?,TGT,Success
1,U175@DOM1,U175@DOM1,C2093,C2092,?,?,TGS,Success
1,U175@DOM1,U175@DOM1,C2093,C2093,?,?,TGT,Success
1,U175@DOM1,U175@DOM1,C988,C988,?,?,TGS,Success
1,U175@DOM1,U175@DOM1,C988,C988,?,?,TGT,Success
1,U1782@DOM1,U1782@DOM1,C2800,C2800,?,?,TGS,Success
1,U1782@DOM1,U1782@DOM1,C2800,C2800,?,?,TGT,Success
1,U1782@DOM1,U1782@DOM1,C2800,C2800,Negotiate,Batch,LogOn,Fail
1,U188@DOM1,C467$@DOM1,C467,C467,?,?,AuthMap,Success
1,U198@DOM1,U198@DOM1,C1484,C1484,?,?,TGS,Success
1,U198@DOM1,U198@DOM1,C1484,C1484,?,?,TGT,Success
1,U1@DOM1,U1@DOM1,C456,C457,Kerberos,Network,LogOn,Success
1,U20@DOM1,U20@DOM1,C1750,U20,?,?,TGS,Success
1,U20@DOM1,U20@DOM1,C716,U20,?,?,TGS,Success
1,U21@DOM1,U25@DOM1,C1603,C1603,?,?,AuthMap,Success
1,U22@DOM1,U22@DOM1,C625,C625,?,Network,LogOff,Success
1,U22@DOM1,U22@DOM1,C965,C625,Kerberos,Network,LogOn,Success
1,U23@DOM1,U24@DOM1,C1720,C1720,?,?,AuthMap,Success
1,U2483@DOM1,U2483@DOM1,C1922,C1922,?,?,TGT,Success
1,U25@DOM1,U21@DOM1,C1603,C1603,Kerberos,Network,LogOn,Success
1,U25@DOM3,U30@DOM3,C798,C798,Kerberos,Network,LogOn,Success
1,U26@DOM1,U26@DOM1,C1730,C1730,?,?,TGT,Success
1,U26@DOM1,U26@DOM1,C1730,TGT,?,?,TGS,Success
1,U26@DOM1,U26@DOM1,C1730,U26,?,?,TGS,Fail
1,U26@DOM1,U26@DOM1,C1730,U26,?,?,TGS,Success
1,U26@DOM1,U27@DOM1,C616,C616,Kerberos,Network,LogOn,Success
1,U27@DOM1,U26@DOM1,C616,C616,?,?,AuthMap,Success
1,U30@DOM1,U30@DOM1,C716,C716,?,Network,LogOff,Success
1,U30@DOM3,U25@DOM3,C798,C798,?,?,AuthMap,Success
1,U30@DOM3,U30@DOM3,C798,C798,?,Network,LogOff,Success
1,U327@DOM1,U327@DOM1,C612,C612,?,Network,LogOff,Success
1,U32@DOM1,U32@DOM1,C815,C625,Kerberos,Network,LogOn,Success
1,U3@DOM1,U3@DOM1,C1191,C586,Kerberos,Network,LogOn,Success
1,U3@DOM1,U3@DOM1,C419,C419,?,Network,LogOff,Success
1,U3@DOM1,U3@DOM1,C419,C419,Kerberos,Network,LogOn,Success
1,U3@DOM1,U3@DOM1,C626,C528,Kerberos,Network,LogOn,Success
1,U415@DOM1,U415@DOM1,C1570,C1570,?,?,TGS,Success
1,U415@DOM1,U415@DOM1,C1570,C1570,?,?,TGT,Success
1,U45@C1504,C1504$@DOM1,C1504,C1504,?,?,AuthMap,Success
1,U45@C1504,U45@C1504,C1504,C1504,?,Batch,LogOff,Success
1,U46@DOM1,U46@DOM1,C423,C423,?,?,TGS,Success
1,U46@DOM1,U46@DOM1,C423,C423,?,?,TGT,Success
1,U47@DOM1,U47@DOM1,C1152,C1152,?,?,TGS,Success
1,U47@DOM1,U47@DOM1,C1152,C1152,?,?,TGT,Success
1,U47@DOM1,U47@DOM1,C1152,C529,?,?,TGS,Success
1,U47@DOM1,U47@DOM1,C1152,TGT,?,?,TGS,Success
1,U48@DOM1,U48@DOM1,C419,C419,?,Network,LogOff,Success
1,U48@DOM1,U48@DOM1,C419,C419,Kerberos,Network,LogOn,Success
1,U4@DOM1,U4@DOM1,C229,C229,Kerberos,Network,LogOn,Success
1,U59@DOM1,U59@DOM1,C1634,C1634,?,?,TGS,Success
1,U59@DOM1,U59@DOM1,C1634,C1634,?,?,TGT,Success
1,U5@DOM1,U5@DOM1,C229,C229,Kerberos,Network,LogOn,Success
1,U66@DOM1,U66@DOM1,C3868,C3868,?,Network,LogOff,Success
1,U66@DOM1,U66@DOM1,C3868,C3868,Kerberos,Network,LogOn,Success
1,U68@DOM1,U2@DOM1,C1681,C1681,?,?,AuthMap,Success
1,U68@DOM1,U68@DOM1,C1679,C1679,?,Batch,LogOff,Success
1,U68@DOM1,U68@DOM1,C1681,C1681,?,Batch,LogOff,Success
1,U68@DOM1,U68@DOM1,C1681,C1681,Negotiate,Batch,LogOn,Success
1,U6@DOM1,U6@DOM1,C1183,C625,Kerberos,Network,LogOn,Success
1,U6@DOM1,U6@DOM1,C606,C1065,?,?,TGS,Success
1,U6@DOM1,U6@DOM1,C606,C529,?,?,TGS,Success
1,U6@DOM1,U6@DOM1,C606,C529,Kerberos,Network,LogOn,Success
1,U6@DOM1,U6@DOM1,C606,TGT,?,?,TGS,Success
1,U6@DOM1,U6@DOM1,C606,U6,?,?,TGS,Success
1,U6@DOM1,U6@DOM1,C61,C61,?,Network,LogOff,Success
1,U6@DOM1,U6@DOM1,C92,C1065,Kerberos,Network,LogOn,Success
1,U6@DOM1,U7@DOM1,C606,C606,Kerberos,Network,LogOn,Success
1,U73@?,U73@?,C1692,C1692,?,?,TGT,Fail
1,U77@DOM1,U77@DOM1,C2742,C2742,?,?,TGT,Fail
1,U77@DOM1,U77@DOM1,C529,C529,?,?,TGT,Fail
1,U78@DOM1,C1727$@DOM1,C1727,C1727,?,?,AuthMap,Success
1,U78@DOM1,U78@DOM1,C1727,C1727,?,?,TGS,Success
1,U78@DOM1,U78@DOM1,C1727,C1727,?,?,TGT,Success
1,U78@DOM1,U78@DOM1,C1727,C1727,Negotiate,Batch,LogOn,Success
1,U78@DOM1,U78@DOM1,C1727,C2516,?,?,TGS,Success
1,U78@DOM1,U78@DOM1,C1727,C529,?,?,TGS,Success
1,U78@DOM1,U78@DOM1,C1727,C529,Kerberos,Network,LogOn,Success
1,U78@DOM1,U78@DOM1,C1727,TGT,?,?,TGS,Success
1,U78@DOM1,U78@DOM1,C1848,C1848,?,?,TGS,Success
1,U78@DOM1,U78@DOM1,C1848,C1848,?,?,TGT,Success
1,U78@DOM1,U78@DOM1,C1848,C1848,Negotiate,Interactive,LogOn,Success
1,U78@DOM1,U78@DOM1,C1848,U20,?,?,TGS,Success
1,U7@DOM1,U6@DOM1,C606,C606,?,?,AuthMap,Success
1,U7@DOM1,U7@DOM1,C606,C606,?,Network,LogOff,Success
1,U81@C2547,C2547$@DOM1,C2547,C2547,?,?,AuthMap,Success
1,U81@C2547,U81@C2547,C2547,C2547,Negotiate,Batch,LogOn,Success
1,U86@?,U86@?,C1654,C1654,?,?,TGT,Fail
1,U86@?,U86@?,C1846,C1846,?,?,TGT,Fail
1,U86@?,U86@?,C457,C457,?,?,TGT,Fail
1,U86@DOM1,C1767$@DOM1,C1767,C1767,?,?,AuthMap,Success
1,U898@DOM1,U898@DOM1,C2944,C2944,?,Network,LogOff,Success
1,U898@DOM1,U898@DOM1,C2944,C2944,NTLM,Network,LogOn,Success
1,U8@DOM1,U8@DOM1,C419,C419,Kerberos,Network,LogOn,Success
1,U8@DOM1,U8@DOM1,C626,C626,?,?,TGS,Success
1,U8@DOM1,U8@DOM1,C626,C626,?,?,TGT,Success
1,U90@DOM1,C1785$@DOM1,C1785,C1785,?,?,AuthMap,Success
1,U90@DOM1,C1786$@DOM1,C1786,C1786,?,?,AuthMap,Success
1,U90@DOM1,U90@DOM1,C1785,C1785,?,?,TGS,Success
1,U90@DOM1,U90@DOM1,C1785,C1785,?,?,TGT,Success
1,U90@DOM1,U90@DOM1,C1785,C1785,Negotiate,Batch,LogOn,Success
1,U90@DOM1,U90@DOM1,C1785,C457,?,?,TGS,Success
1,U90@DOM1,U90@DOM1,C1785,C457,Kerberos,Network,LogOn,Success
1,U90@DOM1,U90@DOM1,C1785,TGT,?,?,TGS,Success
1,U90@DOM1,U90@DOM1,C1786,C1786,?,?,TGS,Success
1,U90@DOM1,U90@DOM1,C1786,C1786,?,?,TGT,Success
1,U90@DOM1,U90@DOM1,C1786,C1786,Negotiate,Batch,LogOn,Success
1,U90@DOM1,U90@DOM1,C457,C457,?,Network,LogOff,Success
1,U91@DOM1,C1787$@DOM1,C1787,C1787,?,?,AuthMap,Success
1,U91@DOM1,U91@DOM1,C1787,C1787,Negotiate,Batch,LogOn,Success
2,ANONYMOUS LOGON@C1529,ANONYMOUS LOGON@C1529,C1529,C1529,?,Network,LogOff,Success
2,ANONYMOUS LOGON@C457,ANONYMOUS LOGON@C457,C4615,C457,NTLM,Network,LogOn,Success
2,ANONYMOUS LOGON@C586,ANONYMOUS LOGON@C586,C2734,C586,NTLM,Network,LogOn,Success
2,ANONYMOUS LOGON@C586,ANONYMOUS LOGON@C586,C3896,C586,NTLM,Network,LogOn,Success
2,ANONYMOUS LOGON@C586,ANONYMOUS LOGON@C586,C671,C586,NTLM,Network,LogOn,Success
2,C100$@DOM1,SYSTEM@C100,C100,C100,Negotiate,Service,LogOn,Success
2,C1009$@DOM1,SYSTEM@C1009,C1009,C1009,Negotiate,Service,LogOn,Success
2,C1012$@DOM1,SYSTEM@C1012,C1012,C1012,Negotiate,Service,LogOn,Success
2,C1016$@DOM1,SYSTEM@C1016,C1016,C1016,Negotiate,Service,LogOn,Success
2,C1024$@DOM1,SYSTEM@C1024,C1024,C1024,Negotiate,Service,LogOn,Success
2,C1039$@DOM1,SYSTEM@C1039,C1039,C1039,Negotiate,Service,LogOn,Success
2,C104$@DOM1,C104$@DOM1,C105,C523,NTLM,Network,LogOn,Success
2,C1047$@DOM1,SYSTEM@C1047,C1047,C1047,Negotiate,Service,LogOn,Success
2,C1048$@DOM1,SYSTEM@C1048,C1048,C1048,Negotiate,Service,LogOn,Success
2,C1050$@DOM1,SYSTEM@C1050,C1050,C1050,Negotiate,Service,LogOn,Success
2,C1053$@DOM1,SYSTEM@C1053,C1053,C1053,Negotiate,Service,LogOn,Success
2,C1055$@DOM1,SYSTEM@C1055,C1055,C1055,Negotiate,Service,LogOn,Success
2,C1059$@DOM1,SYSTEM@C1059,C1059,C1059,Negotiate,Service,LogOn,Success
2,C1060$@DOM1,SYSTEM@C1060,C1060,C1060,Negotiate,Service,LogOn,Success
2,C1064$@DOM1,SYSTEM@C1064,C1064,C1064,Negotiate,Service,LogOn,Success
2,C1070$@DOM1,SYSTEM@C1070,C1070,C1070,Negotiate,Service,LogOn,Success
2,C1071$@DOM1,SYSTEM@C1071,C1071,C1071,Negotiate,Service,LogOn,Success
2,C1073$@DOM1,SYSTEM@C1073,C1073,C1073,Negotiate,Service,LogOn,Success
2,C1074$@DOM1,SYSTEM@C1074,C1074,C1074,Negotiate,Service,LogOn,Success
2,C1076$@DOM1,SYSTEM@C1076,C1076,C1076,Negotiate,Service,LogOn,Success
2,C1077$@DOM1,SYSTEM@C1077,C1077,C1077,Negotiate,Service,LogOn,Success
2,C1078$@DOM1,SYSTEM@C1078,C1078,C1078,Negotiate,Service,LogOn,Success
2,C1081$@DOM1,SYSTEM@C1081,C1081,C1081,Negotiate,Service,LogOn,Success
2,C1082$@DOM1,SYSTEM@C1082,C1082,C1082,Negotiate,Service,LogOn,Success
2,C1085$@DOM1,U175@DOM1,C1085,C1085,Negotiate,Batch,LogOn,Success
2,C1086$@DOM1,SYSTEM@C1086,C1086,C1086,Negotiate,Service,LogOn,Success
2,C1091$@DOM1,SYSTEM@C1091,C1091,C1091,Negotiate,Service,LogOn,Success
2,C1093$@DOM1,SYSTEM@C1093,C1093,C1093,Negotiate,Service,LogOn,Success
2,C1097$@DOM1,SYSTEM@C1097,C1097,C1097,Negotiate,Service,LogOn,Success
2,C110$@DOM1,SYSTEM@C110,C110,C110,Negotiate,Service,LogOn,Success
2,C1102$@DOM1,SYSTEM@C1102,C1102,C1102,Negotiate,Service,LogOn,Success
2,C1106$@DOM1,U45@C1106,C1106,C1106,Negotiate,Batch,LogOn,Success
2,C1108$@DOM1,SYSTEM@C1108,C1108,C1108,Negotiate,Service,LogOn,Success
2,C1111$@DOM1,SYSTEM@C1111,C1111,C1111,Negotiate,Service,LogOn,Success
2,C1112$@DOM1,SYSTEM@C1112,C1112,C1112,Negotiate,Service,LogOn,Success
2,C1117$@DOM1,SYSTEM@C1117,C1117,C1117,Negotiate,Service,LogOn,Success
2,C1118$@DOM1,SYSTEM@C1118,C1118,C1118,Negotiate,Service,LogOn,Success
2,C1123$@DOM1,SYSTEM@C1123,C1123,C1123,Negotiate,Service,LogOn,Success
2,C1125$@DOM1,SYSTEM@C1125,C1125,C1125,Negotiate,Service,LogOn,Success
2,C1126$@DOM1,SYSTEM@C1126,C1126,C1126,Negotiate,Service,LogOn,Success
2,C1128$@DOM1,SYSTEM@C1128,C1128,C1128,Negotiate,Service,LogOn,Success
2,C1131$@DOM1,SYSTEM@C1131,C1131,C1131,Negotiate,Service,LogOn,Success
2,C1140$@DOM1,SYSTEM@C1140,C1140,C1140,Negotiate,Service,LogOn,Success
2,C1147$@DOM1,SYSTEM@C1147,C1147,C1147,Negotiate,Service,LogOn,Success
2,C1148$@DOM1,SYSTEM@C1148,C1148,C1148,Negotiate,Service,LogOn,Success
2,C1156$@DOM1,SYSTEM@C1156,C1156,C1156,Negotiate,Service,LogOn,Success
2,C1160$@DOM1,SYSTEM@C1160,C1160,C1160,Negotiate,Service,LogOn,Success
2,C1165$@DOM1,SYSTEM@C1165,C1165,C1165,Negotiate,Service,LogOn,Success
2,C1167$@DOM1,SYSTEM@C1167,C1167,C1167,Negotiate,Service,LogOn,Success
2,C1169$@DOM1,SYSTEM@C1169,C1169,C1169,Negotiate,Service,LogOn,Success
2,C1171$@DOM1,SYSTEM@C1171,C1171,C1171,Negotiate,Service,LogOn,Success
2,C1193$@DOM1,SYSTEM@C1193,C1193,C1193,Negotiate,Service,LogOn,Success
2,C1199$@DOM1,SYSTEM@C1199,C1199,C1199,Negotiate,Service,LogOn,Success
2,C12$@DOM1,SYSTEM@C12,C12,C12,Negotiate,Service,LogOn,Success
2,C1205$@DOM1,SYSTEM@C1205,C1205,C1205,Negotiate,Service,LogOn,Success
2,C1212$@DOM1,SYSTEM@C1212,C1212,C1212,Negotiate,Service,LogOn,Success
2,C1216$@DOM1,SYSTEM@C1216,C1216,C1216,Negotiate,Service,LogOn,Success
2,C1219$@DOM1,SYSTEM@C1219,C1219,C1219,Negotiate,Service,LogOn,Success
2,C1222$@DOM1,SYSTEM@C1222,C1222,C1222,Negotiate,Service,LogOn,Success
2,C1224$@DOM1,SYSTEM@C1224,C1224,C1224,Negotiate,Service,LogOn,Success
2,C1225$@DOM1,SYSTEM@C1225,C1225,C1225,Negotiate,Service,LogOn,Success
2,C123$@DOM1,C123$@DOM1,C101,C101,?,Network,LogOff,Success
2,C1230$@DOM1,SYSTEM@C1230,C1230,C1230,Negotiate,Service,LogOn,Success
2,C1238$@DOM1,SYSTEM@C1238,C1238,C1238,Negotiate,Service,LogOn,Success
2,C124$@DOM1,SYSTEM@C124,C124,C124,Negotiate,Service,LogOn,Success
2,C1240$@DOM1,SYSTEM@C1240,C1240,C1240,Negotiate,Service,LogOn,Success
2,C1243$@DOM1,SYSTEM@C1243,C1243,C1243,Negotiate,Service,LogOn,Success
2,C1246$@DOM1,SYSTEM@C1246,C1246,C1246,Negotiate,Service,LogOn,Success
2,C1263$@DOM1,SYSTEM@C1263,C1263,C1263,Negotiate,Service,LogOn,Success
2,C1265$@DOM1,SYSTEM@C1265,C1265,C1265,Negotiate,Service,LogOn,Success
2,C1272$@DOM1,SYSTEM@C1272,C1272,C1272,Negotiate,Service,LogOn,Success
2,C1277$@DOM1,SYSTEM@C1277,C1277,C1277,Negotiate,Service,LogOn,Success
2,C1282$@DOM1,SYSTEM@C1282,C1282,C1282,Negotiate,Service,LogOn,Success
2,C1283$@DOM1,SYSTEM@C1283,C1283,C1283,Negotiate,Service,LogOn,Success
2,C1287$@DOM1,SYSTEM@C1287,C1287,C1287,Negotiate,Service,LogOn,Success
2,C1295$@DOM1,SYSTEM@C1295,C1295,C1295,Negotiate,Service,LogOn,Success
2,C1298$@DOM1,SYSTEM@C1298,C1298,C1298,Negotiate,Service,LogOn,Success
2,C131$@DOM1,SYSTEM@C131,C131,C131,Negotiate,Service,LogOn,Success
2,C1311$@DOM1,SYSTEM@C1311,C1311,C1311,Negotiate,Service,LogOn,Success
2,C1313$@DOM1,SYSTEM@C1313,C1313,C1313,Negotiate,Service,LogOn,Success
2,C1318$@DOM1,SYSTEM@C1318,C1318,C1318,Negotiate,Service,LogOn,Success
2,C1323$@DOM1,SYSTEM@C1323,C1323,C1323,Negotiate,Service,LogOn,Success
2,C1325$@DOM1,SYSTEM@C1325,C1325,C1325,Negotiate,Service,LogOn,Success
2,C1330$@DOM1,SYSTEM@C1330,C1330,C1330,Negotiate,Service,LogOn,Success
2,C1332$@DOM1,SYSTEM@C1332,C1332,C1332,Negotiate,Service,LogOn,Success
2,C1338$@DOM1,SYSTEM@C1338,C1338,C1338,Negotiate,Service,LogOn,Success
2,C1339$@DOM1,SYSTEM@C1339,C1339,C1339,Negotiate,Service,LogOn,Success
2,C1342$@DOM1,SYSTEM@C1342,C1342,C1342,Negotiate,Service,LogOn,Success
2,C1343$@DOM1,SYSTEM@C1343,C1343,C1343,Negotiate,Service,LogOn,Success
2,C1350$@DOM1,SYSTEM@C1350,C1350,C1350,Negotiate,Service,LogOn,Success
2,C1354$@DOM1,SYSTEM@C1354,C1354,C1354,Negotiate,Service,LogOn,Success
2,C1356$@DOM1,SYSTEM@C1356,C1356,C1356,Negotiate,Service,LogOn,Success
2,C1373$@DOM1,C1373$@DOM1,C1065,C1065,?,Network,LogOff,Success
2,C1375$@DOM1,SYSTEM@C1375,C1375,C1375,Negotiate,Service,LogOn,Success
2,C1381$@DOM1,SYSTEM@C1381,C1381,C1381,Negotiate,Service,LogOn,Success
2,C1395$@DOM1,SYSTEM@C1395,C1395,C1395,Negotiate,Service,LogOn,Success
2,C1396$@DOM1,SYSTEM@C1396,C1396,C1396,Negotiate,Service,LogOn,Success
2,C1403$@DOM1,SYSTEM@C1403,C1403,C1403,Negotiate,Service,LogOn,Success
2,C1405$@DOM1,SYSTEM@C1405,C1405,C1405,Negotiate,Service,LogOn,Success
2,C142$@DOM1,SYSTEM@C142,C142,C142,Negotiate,Service,LogOn,Success
2,C1422$@DOM1,SYSTEM@C1422,C1422,C1422,Negotiate,Service,LogOn,Success
2,U26@DOM1,U26@DOM1,C616,U26,?,?,TGS,Fail
2,U26@DOM1,U26@DOM1,C616,U26,?,?,TGS,Success
2,U27@DOM1,U27@DOM1,C1730,C1730,?,Network,LogOff,Success
2,U31@DOM1,U31@DOM1,C663,C528,?,?,TGS,Success
2,U31@DOM1,U31@DOM1,C663,C663,?,?,TGT,Success
2,U32@DOM1,C815$@DOM1,C815,C815,?,?,AuthMap,Success
2,U32@DOM1,U32@DOM1,C815,C815,Negotiate,Batch,LogOn,Success
2,U33@C1700,C1700$@DOM1,C1700,C1700,?,?,AuthMap,Success
2,U33@C1700,U33@C1700,C1700,C1700,?,Batch,LogOff,Success
2,U33@C1700,U33@C1700,C1700,C1700,Negotiate,Batch,LogOn,Success
2,U36@C936,U36@C936,C936,C936,?,Batch,LogOff,Success
2,U3@DOM1,U1@DOM1,C1,C1,Kerberos,Network,LogOn,Success
2,U3@DOM1,U1@DOM1,C1191,C1191,Kerberos,Network,LogOn,Success
2,U3@DOM1,U1@DOM1,C456,C456,Kerberos,Network,LogOn,Success
2,U3@DOM1,U1@DOM1,C626,C626,Kerberos,Network,LogOn,Success
2,U3@DOM1,U3@DOM1,C1,C1065,Kerberos,Network,LogOn,Success
2,U3@DOM1,U3@DOM1,C1,C529,Kerberos,Network,LogOn,Success
2,U3@DOM1,U3@DOM1,C1,C586,Kerberos,Network,LogOn,Success
2,U3@DOM1,U3@DOM1,C1065,C1065,?,Network,LogOff,Success
2,U3@DOM1,U3@DOM1,C1191,C586,?,?,TGS,Success
2,U3@DOM1,U3@DOM1,C1191,C586,Kerberos,Network,LogOn,Success
2,U3@DOM1,U3@DOM1,C1191,U3,?,?,TGS,Success
2,U3@DOM1,U3@DOM1,C419,C419,?,Network,LogOff,Success
2,U3@DOM1,U3@DOM1,C419,C419,Kerberos,Network,LogOn,Success
2,U3@DOM1,U3@DOM1,C456,C1065,Kerberos,Network,LogOn,Success
2,U3@DOM1,U3@DOM1,C456,C457,Kerberos,Network,LogOn,Success
2,U3@DOM1,U3@DOM1,C626,C1065,Kerberos,Network,LogOn,Success
2,U42@DOM1,SYSTEM@C561,C561,C1025,?,?,AuthMap,Success
2,U42@DOM1,U42@DOM1,C561,C1025,?,?,TGS,Success
2,U42@DOM1,U42@DOM1,C561,C561,?,?,TGT,Success
2,U45@C1106,C1106$@DOM1,C1106,C1106,?,?,AuthMap,Success
2,U45@C1106,U45@C1106,C1106,C1106,?,Batch,LogOff,Success
2,U45@C1504,C1504$@DOM1,C1504,C1504,?,?,AuthMap,Success
2,U45@C1504,U45@C1504,C1504,C1504,?,Batch,LogOff,Success
2,U45@C2115,C2115$@DOM1,C2115,C2115,?,?,AuthMap,Success
2,U45@C2115,U45@C2115,C2115,C2115,?,Batch,LogOff,Success
2,U46@DOM1,C423$@DOM1,C423,C423,?,?,AuthMap,Success
2,U4@DOM1,U4@DOM1,C36,C625,?,?,TGS,Success
2,U4@DOM1,U4@DOM1,C36,U4,?,?,TGS,Success
2,U4@DOM1,U5@DOM1,C36,C36,Kerberos,Network,LogOn,Success
2,U51@DOM1,U51@DOM1,C967,C1487,Kerberos,Network,LogOn,Success
2,U51@DOM1,U51@DOM1,C967,C1487,NTLM,Network,LogOn,Success
2,U59@DOM1,C1634$@DOM1,C1634,C1634,?,?,AuthMap,Success
2,U5@DOM1,U4@DOM1,C36,C36,?,?,AuthMap,Success
2,U5@DOM1,U5@DOM1,C36,C36,?,Network,LogOff,Success
2,U5@DOM1,U5@DOM1,C657,C586,Kerberos,Network,LogOn,Success
2,U63@DOM1,U63@DOM1,C1581,C1581,Kerberos,Network,LogOn,Success
2,U66@DOM1,U66@DOM1,C1673,C1673,?,Network,LogOff,Success
2,U66@DOM1,U66@DOM1,C1673,C1673,Kerberos,Network,LogOn,Success
2,U66@DOM1,U66@DOM1,C2084,C2084,?,Network,LogOff,Success
2,U66@DOM1,U66@DOM1,C779,C779,?,Network,LogOff,Success
2,U6@DOM1,U6@DOM1,C1183,C529,?,?,TGS,Success
2,U6@DOM1,U6@DOM1,C1183,C529,Kerberos,Network,LogOn,Success
2,U6@DOM1,U6@DOM1,C1183,U6,?,?,TGS,Success
2,U6@DOM1,U6@DOM1,C449,C467,Kerberos,Network,LogOn,Success
2,U6@DOM1,U6@DOM1,C606,C1065,Kerberos,Network,LogOn,Success
2,U6@DOM1,U6@DOM1,C61,C61,?,Network,LogOff,Success
2,U6@DOM1,U6@DOM1,C61,C61,Kerberos,Network,LogOn,Success
2,U6@DOM1,U6@DOM1,C92,C528,?,?,TGS,Success
2,U6@DOM1,U6@DOM1,C92,U6,?,?,TGS,Success
2,U6@DOM1,U7@DOM1,C1183,C1183,Kerberos,Network,LogOn,Success
2,U6@DOM1,U7@DOM1,C606,C606,Kerberos,Network,LogOn,Success
2,U6@DOM1,U7@DOM1,C92,C92,Kerberos,Network,LogOn,Success
2,U70@DOM1,U70@DOM1,C1691,C1691,?,Network,LogOff,Success
2,U71@DOM1,U71@DOM1,C1633,C1691,Kerberos,Network,LogOn,Success
2,U76@DOM1,C1719$@DOM1,C1719,C1719,?,?,AuthMap,Success
2,U78@DOM1,U78@DOM1,C1581,C1581,Kerberos,Network,LogOn,Success
2,U7@DOM1,U6@DOM1,C1183,C1183,?,?,AuthMap,Success
2,U7@DOM1,U6@DOM1,C606,C606,?,?,AuthMap,Success
2,U7@DOM1,U6@DOM1,C92,C92,?,?,AuthMap,Success
2,U7@DOM1,U7@DOM1,C1183,C1183,?,Network,LogOff,Success
2,U7@DOM1,U7@DOM1,C606,C606,?,Network,LogOff,Success
2,U7@DOM1,U7@DOM1,C92,C92,?,Network,LogOff,Success
2,U825@DOM1,U825@DOM1,C457,C457,?,Network,LogOff,Success
2,U86@DOM1,U86@DOM1,C561,C561,?,Network,LogOff,Success
2,U87@DOM1,U87@DOM1,C1772,C1772,Kerberos,Network,LogOn,Success
2,U88@DOM1,C1772$@DOM1,C1772,C1772,?,?,AuthMap,Success
2,U88@DOM1,U88@DOM1,C1772,C1772,?,Network,LogOff,Success
2,U88@DOM1,U88@DOM1,C1874,C529,Kerberos,Network,LogOn,Success
2,U88@DOM1,U88@DOM1,C529,C529,?,Network,LogOff,Success
2,U8@DOM1,C626$@DOM1,C626,C626,?,?,AuthMap,Success
2,U8@DOM1,SYSTEM@C102,C102,C103,?,?,AuthMap,Success
2,U91@DOM1,U91@DOM1,C1787,C1787,?,?,TGS,Success
2,U91@DOM1,U91@DOM1,C1787,C1787,?,?,TGT,Success
2,U9@DOM1,U9@DOM1,C223,C223,?,Network,LogOff,Success
3,ANONYMOUS LOGON@C1065,ANONYMOUS LOGON@C1065,C1065,C1065,?,Network,LogOff,Success
3,ANONYMOUS LOGON@C586,ANONYMOUS LOGON@C586,C586,C586,?,Network,LogOff,Success
3,C1000$@DOM1,SYSTEM@C1000,C1000,C1000,Negotiate,Service,LogOn,Success
3,C1001$@DOM1,SYSTEM@C1001,C1001,C1001,Negotiate,Service,LogOn,Success
3,C1002$@DOM1,SYSTEM@C1002,C1002,C1002,Negotiate,Service,LogOn,Success
3,C1004$@DOM1,SYSTEM@C1004,C1004,C1004,Negotiate,Service,LogOn,Success
3,C101$@DOM1,C101$@DOM1,C101,C988,Kerberos,Network,LogOn,Success
3,C101$@DOM1,C101$@DOM1,C988,C988,?,Network,LogOff,Success
3,C1017$@DOM1,SYSTEM@C1017,C1017,C1017,Negotiate,Service,LogOn,Success
3,C1018$@DOM1,SYSTEM@C1018,C1018,C1018,Negotiate,Service,LogOn,Success
3,C1020$@DOM1,SYSTEM@C1020,C1020,C1020,Negotiate,Service,LogOn,Success
3,C1021$@DOM1,SYSTEM@C1021,C1021,C1021,Negotiate,Service,LogOn,Success
3,C1026$@DOM1,SYSTEM@C1026,C1026,C1026,Negotiate,Service,LogOn,Success
3,C1029$@DOM1,SYSTEM@C1029,C1029,C1029,Negotiate,Service,LogOn,Success
3,C1030$@DOM1,SYSTEM@C1030,C1030,C1030,Negotiate,Service,LogOn,Success
3,C1032$@DOM1,SYSTEM@C1032,C1032,C1032,Negotiate,Service,LogOn,Success
3,C1035$@DOM1,C1035$@DOM1,C1035,C586,Kerberos,Network,LogOn,Success
3,C1035$@DOM1,C1035$@DOM1,C586,C586,?,Network,LogOff,Success
3,C1037$@DOM1,SYSTEM@C1037,C1037,C1037,Negotiate,Service,LogOn,Success
3,C1038$@DOM1,SYSTEM@C1038,C1038,C1038,Negotiate,Service,LogOn,Success
3,C1045$@DOM1,SYSTEM@C1045,C1045,C1045,Negotiate,Service,LogOn,Success
3,C1051$@DOM1,SYSTEM@C1051,C1051,C1051,Negotiate,Service,LogOn,Success
3,C1054$@DOM1,SYSTEM@C1054,C1054,C1054,Negotiate,Service,LogOn,Success
3,C1058$@DOM1,SYSTEM@C1058,C1058,C1058,Negotiate,Service,LogOn,Success
3,C1063$@DOM1,SYSTEM@C1063,C1063,C1063,Negotiate,Service,LogOn,Success
3,C1069$@DOM1,SYSTEM@C1069,C1069,C1069,Negotiate,Service,LogOn,Success
3,C107$@DOM1,SYSTEM@C107,C107,C107,Negotiate,Service,LogOn,Success
3,C1072$@DOM1,SYSTEM@C1072,C1072,C1072,Negotiate,Service,LogOn,Success
3,C1079$@DOM1,SYSTEM@C1079,C1079,C1079,Negotiate,Service,LogOn,Success
3,C1084$@DOM1,SYSTEM@C1084,C1084,C1084,Negotiate,Service,LogOn,Success
3,C1088$@DOM1,SYSTEM@C1088,C1088,C1088,Negotiate,Service,LogOn,Success
3,C1092$@DOM1,SYSTEM@C1092,C1092,C1092,Negotiate,Service,LogOn,Success
3,C1096$@DOM1,SYSTEM@C1096,C1096,C1096,Negotiate,Service,LogOn,Success
3,C1098$@DOM1,SYSTEM@C1098,C1098,C1098,Negotiate,Service,LogOn,Success
3,C11$@DOM1,SYSTEM@C11,C11,C11,Negotiate,Service,LogOn,Success
3,C1104$@DOM1,SYSTEM@C1104,C1104,C1104,Negotiate,Service,LogOn,Success
3,C1105$@DOM1,SYSTEM@C1105,C1105,C1105,Negotiate,Service,LogOn,Success
3,C1109$@DOM1,SYSTEM@C1109,C1109,C1109,Negotiate,Service,LogOn,Success
3,C111$@DOM1,SYSTEM@C111,C111,C111,Negotiate,Service,LogOn,Success
3,C1113$@DOM1,SYSTEM@C1113,C1113,C1113,Negotiate,Service,LogOn,Success
3,C1116$@DOM1,SYSTEM@C1116,C1116,C1116,Negotiate,Service,LogOn,Success
3,C1120$@DOM1,SYSTEM@C1120,C1120,C1120,Negotiate,Service,LogOn,Success
3,C1127$@DOM1,SYSTEM@C1127,C1127,C1127,Negotiate,Service,LogOn,Success
3,C1129$@DOM1,SYSTEM@C1129,C1129,C1129,Negotiate,Service,LogOn,Success
3,C1130$@DOM1,SYSTEM@C1130,C1130,C1130,Negotiate,Service,LogOn,Success
3,C1132$@DOM1,SYSTEM@C1132,C1132,C1132,Negotiate,Service,LogOn,Success
3,C1138$@DOM1,SYSTEM@C1138,C1138,C1138,Negotiate,Service,LogOn,Success
3,C1145$@DOM1,SYSTEM@C1145,C1145,C1145,Negotiate,Service,LogOn,Success
3,C1151$@DOM1,SYSTEM@C1151,C1151,C1151,Negotiate,Service,LogOn,Success
3,C1154$@DOM1,SYSTEM@C1154,C1154,C1154,Negotiate,Service,LogOn,Success
3,C1155$@DOM1,SYSTEM@C1155,C1155,C1155,Negotiate,Service,LogOn,Success
3,C1158$@DOM1,SYSTEM@C1158,C1158,C1158,Negotiate,Service,LogOn,Success
3,C116$@DOM1,SYSTEM@C116,C116,C116,Negotiate,Service,LogOn,Success
3,C1166$@DOM1,SYSTEM@C1166,C1166,C1166,Negotiate,Service,LogOn,Success
3,C117$@DOM1,SYSTEM@C117,C117,C117,Negotiate,Service,LogOn,Success
3,C1170$@DOM1,SYSTEM@C1170,C1170,C1170,Negotiate,Service,LogOn,Success
3,C1172$@DOM1,SYSTEM@C1172,C1172,C1172,Negotiate,Service,LogOn,Success
3,C1179$@DOM1,SYSTEM@C1179,C1179,C1179,Negotiate,Service,LogOn,Success
3,C1180$@DOM1,SYSTEM@C1180,C1180,C1180,Negotiate,Service,LogOn,Success
3,C1184$@DOM1,SYSTEM@C1184,C1184,C1184,Negotiate,Service,LogOn,Success
3,C1185$@DOM1,SYSTEM@C1185,C1185,C1185,Negotiate,Service,LogOn,Success
3,C1186$@DOM1,SYSTEM@C1186,C1186,C1186,Negotiate,Service,LogOn,Success
3,C1187$@DOM1,SYSTEM@C1187,C1187,C1187,Negotiate,Service,LogOn,Success
3,C119$@DOM1,SYSTEM@C119,C119,C119,Negotiate,Service,LogOn,Success
3,C1190$@DOM1,SYSTEM@C1190,C1190,C1190,Negotiate,Service,LogOn,Success
3,C1196$@DOM1,SYSTEM@C1196,C1196,C1196,Negotiate,Service,LogOn,Success
3,C1197$@DOM1,SYSTEM@C1197,C1197,C1197,Negotiate,Service,LogOn,Success
3,C1198$@DOM1,SYSTEM@C1198,C1198,C1198,Negotiate,Service,LogOn,Success
3,C1202$@DOM1,SYSTEM@C1202,C1202,C1202,Negotiate,Service,LogOn,Success
3,C1208$@DOM1,SYSTEM@C1208,C1208,C1208,Negotiate,Service,LogOn,Success
3,C121$@DOM1,SYSTEM@C121,C121,C121,Negotiate,Service,LogOn,Success
3,C1210$@DOM1,SYSTEM@C1210,C1210,C1210,Negotiate,Service,LogOn,Success
3,C1217$@DOM1,SYSTEM@C1217,C1217,C1217,Negotiate,Service,LogOn,Success
3,C1218$@DOM1,SYSTEM@C1218,C1218,C1218,Negotiate,Service,LogOn,Success
3,C1220$@DOM1,SYSTEM@C1220,C1220,C1220,Negotiate,Service,LogOn,Success
3,C1223$@DOM1,SYSTEM@C1223,C1223,C1223,Negotiate,Service,LogOn,Success
3,C1227$@DOM1,SYSTEM@C1227,C1227,C1227,Negotiate,Service,LogOn,Success
3,C1231$@DOM1,SYSTEM@C1231,C1231,C1231,Negotiate,Service,LogOn,Success
3,C1233$@DOM1,SYSTEM@C1233,C1233,C1233,Negotiate,Service,LogOn,Success
3,C1236$@DOM1,SYSTEM@C1236,C1236,C1236,Negotiate,Service,LogOn,Success
3,C1239$@DOM1,SYSTEM@C1239,C1239,C1239,Negotiate,Service,LogOn,Success
3,C1241$@DOM1,SYSTEM@C1241,C1241,C1241,Negotiate,Service,LogOn,Success
3,C1242$@DOM1,SYSTEM@C1242,C1242,C1242,Negotiate,Service,LogOn,Success
3,C1248$@DOM1,SYSTEM@C1248,C1248,C1248,Negotiate,Service,LogOn,Success
3,C1251$@DOM1,SYSTEM@C1251,C1251,C1251,Negotiate,Service,LogOn,Success
3,C1253$@DOM1,SYSTEM@C1253,C1253,C1253,Negotiate,Service,LogOn,Success
3,C1255$@DOM1,SYSTEM@C1255,C1255,C1255,Negotiate,Service,LogOn,Success
3,C126$@DOM1,SYSTEM@C126,C126,C126,Negotiate,Service,LogOn,Success
3,C1266$@DOM1,SYSTEM@C1266,C1266,C1266,Negotiate,Service,LogOn,Success
3,C127$@DOM1,SYSTEM@C127,C127,C127,Negotiate,Service,LogOn,Success
3,U23@DOM1,U24@DOM1,C1971,C1971,?,?,AuthMap,Success
3,U24@DOM1,U23@DOM1,C1971,C1971,Kerberos,Network,LogOn,Success
3,U24@DOM1,U24@DOM1,C1971,C1971,?,Network,LogOff,Success
3,U24@DOM1,U24@DOM1,C1971,C1971,Kerberos,Network,LogOn,Success
3,U292@DOM1,U292@DOM1,C1619,C1619,?,?,TGT,Success
3,U292@DOM1,U292@DOM1,C1619,C599,?,?,TGS,Success
3,U292@DOM1,U292@DOM1,C1795,C1794,?,?,TGS,Success
3,U292@DOM1,U292@DOM1,C1795,C1795,?,?,TGT,Success
3,U2@DOM1,U2@DOM1,C7,C7,NTLM,Network,LogOn,Success
3,U31@DOM1,U31@DOM1,C528,C528,?,Network,LogOff,Success
3,U31@DOM1,U31@DOM1,C663,C457,?,?,TGS,Success
3,U31@DOM1,U31@DOM1,C663,C457,Kerberos,Network,LogOn,Success
3,U31@DOM1,U31@DOM1,C663,C528,Kerberos,Network,LogOn,Success
3,U31@DOM1,U31@DOM1,C663,TGT,?,?,TGS,Success
3,U34@DOM1,U34@DOM1,C921,C921,?,Network,LogOff,Success
3,U34@DOM1,U34@DOM1,C921,C921,Kerberos,Network,LogOn,Success
3,U35@DOM1,U35@DOM1,C926,C528,Kerberos,Network,LogOn,Success
3,U39@DOM1,U39@DOM1,C990,C990,?,Network,LogOff,Success
3,U3@DOM1,U1@DOM1,C1,C1,Kerberos,Network,LogOn,Success
3,U3@DOM1,U1@DOM1,C1191,C1191,Kerberos,Network,LogOn,Success
3,U3@DOM1,U1@DOM1,C456,C456,Kerberos,Network,LogOn,Success
3,U3@DOM1,U3@DOM1,C1,C1065,?,?,TGS,Success
3,U3@DOM1,U3@DOM1,C1,C586,?,?,TGS,Success
3,U3@DOM1,U3@DOM1,C1,U3,?,?,TGS,Success
3,U3@DOM1,U3@DOM1,C1065,C1065,?,Network,LogOff,Success
3,U3@DOM1,U3@DOM1,C1191,C586,?,?,TGS,Success
3,U3@DOM1,U3@DOM1,C1191,C586,Kerberos,Network,LogOn,Success
3,U3@DOM1,U3@DOM1,C1191,TGT,?,?,TGS,Success
3,U3@DOM1,U3@DOM1,C1191,U3,?,?,TGS,Success
3,U3@DOM1,U3@DOM1,C626,C1065,?,?,TGS,Success
3,U3@DOM1,U3@DOM1,C626,U3,?,?,TGS,Success
3,U3@DOM1,U48@DOM1,C1,C1,Kerberos,Network,LogOn,Success
3,U3@DOM1,U48@DOM1,C1191,C1191,Kerberos,Network,LogOn,Success
3,U415@DOM1,C1570$@DOM1,C1570,C1570,?,?,AuthMap,Success
3,U41@DOM1,U41@DOM1,C365,C1015,NTLM,Network,LogOn,Success
3,U42@DOM1,U42@DOM1,C1025,C1025,?,Network,LogOff,Success
3,U42@DOM1,U42@DOM1,C1025,C1025,Kerberos,Network,LogOn,Success
3,U42@DOM1,U42@DOM1,C561,C1025,?,?,TGS,Success
3,U42@DOM1,U42@DOM1,C561,C1025,Kerberos,Network,LogOn,Success
3,U48@DOM1,U3@DOM1,C1,C1,?,?,AuthMap,Success
3,U48@DOM1,U3@DOM1,C1191,C1191,?,?,AuthMap,Success
3,U48@DOM1,U48@DOM1,C1,C1,?,Network,LogOff,Success
3,U48@DOM1,U48@DOM1,C1191,C1191,?,Network,LogOff,Success
3,U4@DOM1,U4@DOM1,C229,C229,Kerberos,Network,LogOn,Success
3,U4@DOM1,U4@DOM1,C36,C625,Kerberos,Network,LogOn,Success
3,U4@DOM1,U4@DOM1,C36,U4,?,?,TGS,Success
3,U4@DOM1,U4@DOM1,C464,C467,Kerberos,Network,LogOn,Success
3,U4@DOM1,U4@DOM1,C464,C625,Kerberos,Network,LogOn,Success
3,U4@DOM1,U4@DOM1,C568,C457,?,?,TGS,Success
3,U4@DOM1,U4@DOM1,C657,C586,Kerberos,Network,LogOn,Success
3,U4@DOM1,U4@DOM1,C657,C625,?,?,TGS,Success
3,U4@DOM1,U4@DOM1,C657,C625,Kerberos,Network,LogOn,Success
3,U4@DOM1,U4@DOM1,C657,U4,?,?,TGS,Success
3,U4@DOM1,U5@DOM1,C464,C464,Kerberos,Network,LogOn,Success
3,U4@DOM1,U5@DOM1,C657,C657,Kerberos,Network,LogOn,Success
3,U52@DOM1,U52@DOM1,C868,C801,Kerberos,Network,LogOn,Success
3,U54@DOM1,U10@DOM1,C62,C62,?,?,AuthMap,Success
3,U54@DOM1,U54@DOM1,C62,C62,?,Network,LogOff,Success
3,U5@DOM1,U4@DOM1,C464,C464,?,?,AuthMap,Success
3,U5@DOM1,U4@DOM1,C657,C657,?,?,AuthMap,Success
3,U5@DOM1,U5@DOM1,C464,C464,?,Network,LogOff,Success
3,U5@DOM1,U5@DOM1,C657,C657,?,Network,LogOff,Success
3,U6@DOM1,U6@DOM1,C423,C457,Kerberos,Network,LogOn,Success
3,U6@DOM1,U6@DOM1,C423,C528,?,?,TGS,Success
3,U6@DOM1,U6@DOM1,C423,C528,Kerberos,Network,LogOn,Success
3,U6@DOM1,U6@DOM1,C423,U6,?,?,TGS,Success
3,U6@DOM1,U6@DOM1,C449,C528,?,?,TGS,Success
3,U6@DOM1,U6@DOM1,C449,C528,Kerberos,Network,LogOn,Success
3,U6@DOM1,U6@DOM1,C449,U6,?,?,TGS,Success
3,U6@DOM1,U6@DOM1,C606,U6,?,?,TGS,Success
3,U6@DOM1,U6@DOM1,C61,C61,?,Network,LogOff,Success
3,U6@DOM1,U6@DOM1,C61,C61,Kerberos,Network,LogOn,Success
3,U6@DOM1,U6@DOM1,C92,C528,Kerberos,Network,LogOn,Success
3,U6@DOM1,U6@DOM1,C92,U6,?,?,TGS,Success
3,U6@DOM1,U7@DOM1,C1183,C1183,Kerberos,Network,LogOn,Success
3,U6@DOM1,U7@DOM1,C423,C423,Kerberos,Network,LogOn,Success
3,U6@DOM1,U7@DOM1,C449,C449,Kerberos,Network,LogOn,Success
3,U7@DOM1,U6@DOM1,C1183,C1183,?,?,AuthMap,Success
3,U7@DOM1,U6@DOM1,C423,C423,?,?,AuthMap,Success
3,U7@DOM1,U6@DOM1,C449,C449,?,?,AuthMap,Success
3,U7@DOM1,U7@DOM1,C1183,C1183,?,Network,LogOff,Success
3,U7@DOM1,U7@DOM1,C423,C423,?,Network,LogOff,Success
3,U7@DOM1,U7@DOM1,C449,C449,?,Network,LogOff,Success
3,U7@DOM1,U7@DOM1,C921,C921,?,Network,LogOff,Success
3,U7@DOM1,U7@DOM1,C921,C921,Kerberos,Network,LogOn,Success
3,U898@DOM1,U898@DOM1,C2944,C2944,?,Network,LogOff,Success
3,U898@DOM1,U898@DOM1,C2944,C2944,NTLM,Network,LogOn,Success
3,U94@DOM1,U94@DOM1,C7,C7,?,Network,LogOff,Success
3,U94@DOM1,U94@DOM1,C7,C7,NTLM,Network,LogOn,Success
4,ANONYMOUS LOGON@C457,ANONYMOUS LOGON@C457,C4622,C457,NTLM,Network,LogOn,Success
4,ANONYMOUS LOGON@C586,ANONYMOUS LOGON@C586,C213,C586,NTLM,Network,LogOn,Success
4,C100$@DOM1,SYSTEM@C100,C100,C100,Negotiate,Service,LogOn,Success
4,C1002$@DOM1,SYSTEM@C1002,C1002,C1002,Negotiate,Service,LogOn,Success
4,C1009$@DOM1,SYSTEM@C1009,C1009,C1009,Negotiate,Service,LogOn,Success
4,C1011$@DOM1,SYSTEM@C1011,C1011,C1011,Negotiate,Service,LogOn,Success
4,C1012$@DOM1,SYSTEM@C1012,C1012,C1012,Negotiate,Service,LogOn,Success
4,C1014$@DOM1,SYSTEM@C1014,C1014,C1014,Negotiate,Service,LogOn,Success
4,C1023$@DOM1,SYSTEM@C1023,C1023,C1023,Negotiate,Service,LogOn,Success
4,C1027$@DOM1,SYSTEM@C1027,C1027,C1027,Negotiate,Service,LogOn,Success
4,C1031$@DOM1,SYSTEM@C1031,C1031,C1031,Negotiate,Service,LogOn,Success
4,C1033$@DOM1,SYSTEM@C1033,C1033,C1033,Negotiate,Service,LogOn,Success
4,C1034$@DOM1,SYSTEM@C1034,C1034,C1034,Negotiate,Service,LogOn,Success
4,C1039$@DOM1,SYSTEM@C1039,C1039,C1039,Negotiate,Service,LogOn,Success
4,C1041$@DOM1,SYSTEM@C1041,C1041,C1041,Negotiate,Service,LogOn,Success
4,C1043$@DOM1,SYSTEM@C1043,C1043,C1043,Negotiate,Service,LogOn,Success
4,C1044$@DOM1,SYSTEM@C1044,C1044,C1044,Negotiate,Service,LogOn,Success
4,C1047$@DOM1,SYSTEM@C1047,C1047,C1047,Negotiate,Service,LogOn,Success
4,C1048$@DOM1,SYSTEM@C1048,C1048,C1048,Negotiate,Service,LogOn,Success
4,C1049$@DOM1,SYSTEM@C1049,C1049,C1049,Negotiate,Service,LogOn,Success
4,C1050$@DOM1,SYSTEM@C1050,C1050,C1050,Negotiate,Service,LogOn,Success
4,C1052$@DOM1,SYSTEM@C1052,C1052,C1052,Negotiate,Service,LogOn,Success
4,C1053$@DOM1,SYSTEM@C1053,C1053,C1053,Negotiate,Service,LogOn,Success
4,C106$@DOM1,SYSTEM@C106,C106,C106,Negotiate,Service,LogOn,Success
4,C1062$@DOM1,SYSTEM@C1062,C1062,C1062,Negotiate,Service,LogOn,Success
4,C1067$@DOM1,SYSTEM@C1067,C1067,C1067,Negotiate,Service,LogOn,Success
4,C1070$@DOM1,SYSTEM@C1070,C1070,C1070,Negotiate,Service,LogOn,Success
4,C1077$@DOM1,SYSTEM@C1077,C1077,C1077,Negotiate,Service,LogOn,Success
4,C1081$@DOM1,SYSTEM@C1081,C1081,C1081,Negotiate,Service,LogOn,Success
4,C1083$@DOM1,SYSTEM@C1083,C1083,C1083,Negotiate,Service,LogOn,Success
4,C1086$@DOM1,SYSTEM@C1086,C1086,C1086,Negotiate,Service,LogOn,Success
4,C1087$@DOM1,SYSTEM@C1087,C1087,C1087,Negotiate,Service,LogOn,Success
4,C1091$@DOM1,SYSTEM@C1091,C1091,C1091,Negotiate,Service,LogOn,Success
4,C1093$@DOM1,SYSTEM@C1093,C1093,C1093,Negotiate,Service,LogOn,Success
4,C1099$@DOM1,SYSTEM@C1099,C1099,C1099,Negotiate,Service,LogOn,Success
4,C1101$@DOM1,SYSTEM@C1101,C1101,C1101,Negotiate,Service,LogOn,Success
4,C1102$@DOM1,SYSTEM@C1102,C1102,C1102,Negotiate,Service,LogOn,Success
4,C1106$@DOM1,U45@C1106,C1106,C1106,Negotiate,Batch,LogOn,Success
4,C1107$@DOM1,SYSTEM@C1107,C1107,C1107,Negotiate,Service,LogOn,Success
4,C1110$@DOM1,SYSTEM@C1110,C1110,C1110,Negotiate,Service,LogOn,Success
4,C1114$@DOM1,C1114$@DOM1,C1115,C101,Kerberos,Network,LogOn,Success
4,C1117$@DOM1,SYSTEM@C1117,C1117,C1117,Negotiate,Service,LogOn,Success
4,C1119$@DOM1,SYSTEM@C1119,C1119,C1119,Negotiate,Service,LogOn,Success
4,C112$@DOM1,SYSTEM@C112,C112,C112,Negotiate,Service,LogOn,Success
4,C1122$@DOM1,SYSTEM@C1122,C1122,C1122,Negotiate,Service,LogOn,Success
4,C1123$@DOM1,SYSTEM@C1123,C1123,C1123,Negotiate,Service,LogOn,Success
4,C1125$@DOM1,SYSTEM@C1125,C1125,C1125,Negotiate,Service,LogOn,Success
4,C1126$@DOM1,SYSTEM@C1126,C1126,C1126,Negotiate,Service,LogOn,Success
4,C1133$@DOM1,SYSTEM@C1133,C1133,C1133,Negotiate,Service,LogOn,Success
4,C1142$@DOM1,SYSTEM@C1142,C1142,C1142,Negotiate,Service,LogOn,Success
4,C1149$@DOM1,U1325@DOM1,C1149,C1149,Negotiate,Batch,LogOn,Fail
4,C1150$@DOM1,SYSTEM@C1150,C1150,C1150,Negotiate,Service,LogOn,Success
4,C1156$@DOM1,SYSTEM@C1156,C1156,C1156,Negotiate,Service,LogOn,Success
4,C1159$@DOM1,SYSTEM@C1159,C1159,C1159,Negotiate,Service,LogOn,Success
4,C1160$@DOM1,SYSTEM@C1160,C1160,C1160,Negotiate,Service,LogOn,Success
4,C1169$@DOM1,SYSTEM@C1169,C1169,C1169,Negotiate,Service,LogOn,Success
4,C1174$@DOM1,SYSTEM@C1174,C1174,C1174,Negotiate,Service,LogOn,Success
4,C1175$@DOM1,SYSTEM@C1175,C1175,C1175,Negotiate,Service,LogOn,Success
4,C1189$@DOM1,SYSTEM@C1189,C1189,C1189,Negotiate,Service,LogOn,Success
4,C1192$@DOM1,SYSTEM@C1192,C1192,C1192,Negotiate,Service,LogOn,Success
4,C1193$@DOM1,SYSTEM@C1193,C1193,C1193,Negotiate,Service,LogOn,Success
4,C1195$@DOM1,SYSTEM@C1195,C1195,C1195,Negotiate,Service,LogOn,Success
4,C120$@DOM1,SYSTEM@C120,C120,C120,Negotiate,Service,LogOn,Success
4,C1206$@DOM1,SYSTEM@C1206,C1206,C1206,Negotiate,Service,LogOn,Success
4,C1213$@DOM1,SYSTEM@C1213,C1213,C1213,Negotiate,Service,LogOn,Success
4,C1214$@DOM1,SYSTEM@C1214,C1214,C1214,Negotiate,Service,LogOn,Success
4,C1216$@DOM1,SYSTEM@C1216,C1216,C1216,Negotiate,Service,LogOn,Success
4,C1219$@DOM1,SYSTEM@C1219,C1219,C1219,Negotiate,Service,LogOn,Success
4,C122$@DOM1,SYSTEM@C122,C122,C122,Negotiate,Service,LogOn,Success
4,C1222$@DOM1,SYSTEM@C1222,C1222,C1222,Negotiate,Service,LogOn,Success
4,C1224$@DOM1,SYSTEM@C1224,C1224,C1224,Negotiate,Service,LogOn,Success
4,C1228$@DOM1,SYSTEM@C1228,C1228,C1228,Negotiate,Service,LogOn,Success
4,C1229$@DOM1,SYSTEM@C1229,C1229,C1229,Negotiate,Service,LogOn,Success
4,C1232$@DOM1,SYSTEM@C1232,C1232,C1232,Negotiate,Service,LogOn,Success
4,C1235$@DOM1,SYSTEM@C1235,C1235,C1235,Negotiate,Service,LogOn,Success
4,C1238$@DOM1,SYSTEM@C1238,C1238,C1238,Negotiate,Service,LogOn,Success
4,C124$@DOM1,SYSTEM@C124,C124,C124,Negotiate,Service,LogOn,Success
4,C1486$@DOM1,SYSTEM@C1486,C1486,C1486,Negotiate,Service,LogOn,Success
4,C1488$@DOM1,SYSTEM@C1488,C1488,C1488,Negotiate,Service,LogOn,Success
4,C1491$@DOM1,SYSTEM@C1491,C1491,C1491,Negotiate,Service,LogOn,Success
4,C1494$@DOM1,SYSTEM@C1494,C1494,C1494,Negotiate,Service,LogOn,Success
4,C1495$@DOM1,SYSTEM@C1495,C1495,C1495,Negotiate,Service,LogOn,Success
4,C1498$@DOM1,SYSTEM@C1498,C1498,C1498,Negotiate,Service,LogOn,Success
4,C1502$@DOM1,SYSTEM@C1502,C1502,C1502,Negotiate,Service,LogOn,Success
4,C1505$@DOM1,SYSTEM@C1505,C1505,C1505,Negotiate,Service,LogOn,Success
4,C1506$@DOM1,SYSTEM@C1506,C1506,C1506,Negotiate,Service,LogOn,Success
4,C1513$@DOM1,SYSTEM@C1513,C1513,C1513,Negotiate,Service,LogOn,Success
4,C1516$@DOM1,SYSTEM@C1516,C1516,C1516,Negotiate,Service,LogOn,Success
4,C1519$@DOM1,SYSTEM@C1519,C1519,C1519,Negotiate,Service,LogOn,Success
4,C1520$@DOM1,SYSTEM@C1520,C1520,C1520,Negotiate,Service,LogOn,Success
4,C1524$@DOM1,SYSTEM@C1524,C1524,C1524,Negotiate,Service,LogOn,Success
4,C1525$@DOM1,SYSTEM@C1525,C1525,C1525,Negotiate,Service,LogOn,Success
4,C1526$@DOM1,SYSTEM@C1526,C1526,C1526,Negotiate,Service,LogOn,Success
4,C1528$@DOM1,SYSTEM@C1528,C1528,C1528,Negotiate,Service,LogOn,Success
4,C1532$@DOM1,SYSTEM@C1532,C1532,C1532,Negotiate,Service,LogOn,Success
4,C1536$@DOM1,SYSTEM@C1536,C1536,C1536,Negotiate,Service,LogOn,Success
4,C1546$@DOM1,SYSTEM@C1546,C1546,C1546,Negotiate,Service,LogOn,Success
4,C1547$@DOM1,SYSTEM@C1547,C1547,C1547,Negotiate,Service,LogOn,Success
4,C1548$@DOM1,SYSTEM@C1548,C1548,C1548,Negotiate,Service,LogOn,Success
4,C1552$@DOM1,SYSTEM@C1552,C1552,C1552,Negotiate,Service,LogOn,Success
4,C1554$@DOM1,SYSTEM@C1554,C1554,C1554,Negotiate,Service,LogOn,Success
4,C1556$@DOM1,SYSTEM@C1556,C1556,C1556,Negotiate,Service,LogOn,Success
4,C1559$@DOM1,SYSTEM@C1559,C1559,C1559,Negotiate,Service,LogOn,Success
4,C1565$@DOM1,SYSTEM@C1565,C1565,C1565,Negotiate,Service,LogOn,Success
4,C1566$@DOM1,SYSTEM@C1566,C1566,C1566,Negotiate,Service,LogOn,Success
4,C157$@DOM1,SYSTEM@C157,C157,C157,Negotiate,Service,LogOn,Success
4,C1574$@DOM1,SYSTEM@C1574,C1574,C1574,Negotiate,Service,LogOn,Success
4,C1579$@DOM1,SYSTEM@C1579,C1579,C1579,Negotiate,Service,LogOn,Success
4,C1580$@DOM1,SYSTEM@C1580,C1580,C1580,Negotiate,Service,LogOn,Success
4,C1584$@DOM1,SYSTEM@C1584,C1584,C1584,Negotiate,Service,LogOn,Success
4,C1585$@DOM1,SYSTEM@C1585,C1585,C1585,Negotiate,Service,LogOn,Success
4,C1588$@DOM1,SYSTEM@C1588,C1588,C1588,Negotiate,Service,LogOn,Success
4,C1592$@DOM1,SYSTEM@C1592,C1592,C1592,Negotiate,Service,LogOn,Success
4,C1593$@DOM1,SYSTEM@C1593,C1593,C1593,Negotiate,Service,LogOn,Success
4,C1603$@DOM1,C1603$@DOM1,C1603,C1604,?,?,TGS,Success
4,C164$@DOM1,SYSTEM@C164,C164,C164,Negotiate,Service,LogOn,Success
4,C165$@DOM1,SYSTEM@C165,C165,C165,Negotiate,Service,LogOn,Success
4,C1667$@DOM1,SYSTEM@C1667,C1667,C1667,Negotiate,Service,LogOn,Success
4,C167$@DOM1,SYSTEM@C167,C167,C167,Negotiate,Service,LogOn,Success
4,C169$@DOM1,SYSTEM@C169,C169,C169,Negotiate,Service,LogOn,Success
4,C170$@DOM1,SYSTEM@C170,C170,C170,Negotiate,Service,LogOn,Success
4,C1714$@DOM1,SYSTEM@C1714,C1714,C1714,Negotiate,Service,LogOn,Success
4,C1734$@DOM1,SYSTEM@C1734,C1734,C1734,Negotiate,Service,LogOn,Success
4,C1796$@DOM1,SYSTEM@C1796,C1796,C1796,Negotiate,Service,LogOn,Success
4,C180$@DOM1,SYSTEM@C180,C180,C180,Negotiate,Service,LogOn,Success
4,C1814$@DOM1,SYSTEM@C1814,C1814,C1814,Negotiate,Service,LogOn,Success
4,C1818$@DOM1,SYSTEM@C1818,C1818,C1818,Negotiate,Service,LogOn,Success
4,C182$@DOM1,SYSTEM@C182,C182,C182,Negotiate,Service,LogOn,Success
4,C1824$@DOM1,SYSTEM@C1824,C1824,C1824,Negotiate,Service,LogOn,Success
4,C1829$@DOM1,SYSTEM@C1829,C1829,C1829,Negotiate,Service,LogOn,Success
4,C184$@DOM1,SYSTEM@C184,C184,C184,Negotiate,Service,LogOn,Success
4,C189$@DOM1,SYSTEM@C189,C189,C189,Negotiate,Service,LogOn,Success
4,C190$@DOM1,SYSTEM@C190,C190,C190,Negotiate,Service,LogOn,Success
4,C1905$@DOM1,C1905$@DOM1,C1905,C1065,Kerberos,Network,LogOn,Success
4,C192$@DOM1,SYSTEM@C192,C192,C192,Negotiate,Service,LogOn,Success
4,C1923$@DOM1,SYSTEM@C1923,C1923,C1923,Negotiate,Service,LogOn,Success
4,C194$@DOM1,SYSTEM@C194,C194,C194,Negotiate,Service,LogOn,Success
4,C1979$@DOM1,C1979$@DOM1,C1979,C1065,Kerberos,Network,LogOn,Success
4,C2$@DOM1,SYSTEM@C2,C2,C2,Negotiate,Service,LogOn,Success
4,C2013$@DOM3,C2013$@DOM3,C2013,C2012,Kerberos,Network,LogOn,Success
4,C2035$@DOM1,SYSTEM@C2035,C2035,C2035,Negotiate,Service,LogOn,Success
4,C2048$@DOM1,SYSTEM@C2048,C2048,C2048,Negotiate,Service,LogOn,Success
4,C2056$@DOM1,SYSTEM@C2056,C2056,C2056,Negotiate,Service,LogOn,Success
4,C206$@DOM1,SYSTEM@C206,C206,C206,Negotiate,Service,LogOn,Success
4,C2062$@DOM1,C2062$@DOM1,C1065,C1065,?,Network,LogOff,Success
4,C208$@DOM1,SYSTEM@C208,C208,C208,Negotiate,Service,LogOn,Success
4,C213$@DOM1,C213$@DOM1,C213,C213,?,?,TGT,Success
4,C213$@DOM1,C213$@DOM1,C213,C586,Kerberos,Network,LogOn,Success
4,C213$@DOM1,C213$@DOM1,C213,TGT,?,?,TGS,Success
4,C2170$@DOM1,C2170$@DOM1,C612,C612,?,Network,LogOff,Success
4,C2204$@DOM1,SYSTEM@C2204,C2204,C2204,Negotiate,Service,LogOn,Success
4,C2232$@DOM1,SYSTEM@C2232,C2232,C2232,Negotiate,Service,LogOn,Success
4,C2255$@DOM1,SYSTEM@C2255,C2255,C2255,Negotiate,Service,LogOn,Success
4,C23$@DOM1,SYSTEM@C23,C23,C23,Negotiate,Service,LogOn,Success
4,C230$@DOM1,SYSTEM@C230,C230,C230,Negotiate,Service,LogOn,Success
4,C2300$@DOM1,SYSTEM@C2300,C2300,C2300,Negotiate,Service,LogOn,Success
4,C234$@DOM1,SYSTEM@C234,C234,C234,Negotiate,Service,LogOn,Success
4,C235$@DOM1,SYSTEM@C235,C235,C235,Negotiate,Service,LogOn,Success
4,C236$@DOM1,SYSTEM@C236,C236,C236,Negotiate,Service,LogOn,Success
4,C2406$@DOM1,C2406$@DOM1,C457,C457,?,Network,LogOff,Success
4,C244$@DOM1,SYSTEM@C244,C244,C244,Negotiate,Service,LogOn,Success
4,C2465$@DOM1,SYSTEM@C2465,C2465,C2465,Negotiate,Service,LogOn,Success
4,C2482$@DOM1,SYSTEM@C2482,C2482,C2482,Negotiate,Service,LogOn,Success
4,C2504$@DOM1,SYSTEM@C2504,C2504,C2504,Negotiate,Service,LogOn,Success
4,C2506$@DOM1,SYSTEM@C2506,C2506,C2506,Negotiate,Service,LogOn,Success
4,C258$@DOM1,SYSTEM@C258,C258,C258,Negotiate,Service,LogOn,Success
4,C260$@DOM1,SYSTEM@C260,C260,C260,Negotiate,Service,LogOn,Success
4,C263$@DOM1,SYSTEM@C263,C263,C263,Negotiate,Service,LogOn,Success
4,C2656$@DOM1,SYSTEM@C2656,C2656,C2656,Negotiate,Service,LogOn,Success
4,C269$@DOM1,SYSTEM@C269,C269,C269,Negotiate,Service,LogOn,Success
4,C272$@DOM1,SYSTEM@C272,C272,C272,Negotiate,Service,LogOn,Success
4,C274$@DOM1,SYSTEM@C274,C274,C274,Negotiate,Service,LogOn,Success
4,C2754$@DOM1,SYSTEM@C2754,C2754,C2754,Negotiate,Service,LogOn,Success
4,C2759$@DOM1,SYSTEM@C2759,C2759,C2759,Negotiate,Service,LogOn,Success
4,C276$@DOM1,SYSTEM@C276,C276,C276,Negotiate,Service,LogOn,Success
4,C2816$@DOM1,SYSTEM@C2816,C2816,C2816,Negotiate,Service,LogOn,Success
4,C2842$@DOM1,SYSTEM@C2842,C2842,C2842,Negotiate,Service,LogOn,Success
4,C2870$@DOM1,SYSTEM@C2870,C2870,C2870,Negotiate,Service,LogOn,Success
4,C2883$@DOM1,SYSTEM@C2883,C2883,C2883,Negotiate,Service,LogOn,Success
4,C29$@DOM1,SYSTEM@C29,C29,C29,Negotiate,Service,LogOn,Success
4,C292$@DOM1,SYSTEM@C292,C292,C292,Negotiate,Service,LogOn,Success
4,C2954$@DOM1,SYSTEM@C2954,C2954,C2954,Negotiate,Service,LogOn,Success
4,C298$@DOM1,SYSTEM@C298,C298,C298,Negotiate,Service,LogOn,Success
4,C302$@DOM1,SYSTEM@C302,C302,C302,Negotiate,Service,LogOn,Success
4,C3036$@DOM1,SYSTEM@C3036,C3036,C3036,Negotiate,Service,LogOn,Success
4,C3039$@DOM1,SYSTEM@C3039,C3039,C3039,Negotiate,Service,LogOn,Success
4,C3059$@DOM1,SYSTEM@C3059,C3059,C3059,Negotiate,Service,LogOn,Success
4,C3097$@DOM1,SYSTEM@C3097,C3097,C3097,Negotiate,Service,LogOn,Success
4,C3098$@DOM1,SYSTEM@C3098,C3098,C3098,Negotiate,Service,LogOn,Success
4,C311$@DOM1,SYSTEM@C311,C311,C311,Negotiate,Service,LogOn,Success
4,C312$@DOM1,SYSTEM@C312,C312,C312,Negotiate,Service,LogOn,Success
4,C3148$@DOM1,SYSTEM@C3148,C3148,C3148,Negotiate,Service,LogOn,Success
4,C315$@DOM1,SYSTEM@C315,C315,C315,Negotiate,Service,LogOn,Success
4,C3237$@DOM1,SYSTEM@C3237,C3237,C3237,Negotiate,Service,LogOn,Success
4,C3279$@DOM1,SYSTEM@C3279,C3279,C3279,Negotiate,Service,LogOn,Success
4,C3311$@DOM1,SYSTEM@C3311,C3311,C3311,Negotiate,Service,LogOn,Success
4,C335$@DOM1,SYSTEM@C335,C335,C335,Negotiate,Service,LogOn,Success
4,C340$@DOM1,SYSTEM@C340,C340,C340,Negotiate,Service,LogOn,Success
4,C3412$@DOM1,SYSTEM@C3412,C3412,C3412,Negotiate,Service,LogOn,Success
4,C344$@DOM1,SYSTEM@C344,C344,C344,Negotiate,Service,LogOn,Success
4,C3442$@DOM1,SYSTEM@C3442,C3442,C3442,Negotiate,Service,LogOn,Success
4,C351$@DOM1,SYSTEM@C351,C351,C351,Negotiate,Service,LogOn,Success
4,C352$@DOM1,SYSTEM@C352,C352,C352,Negotiate,Service,LogOn,Success
4,C3520$@DOM1,SYSTEM@C3520,C3520,C3520,Negotiate,Service,LogOn,Success
4,C3522$@DOM1,SYSTEM@C3522,C3522,C3522,Negotiate,Service,LogOn,Success
4,C358$@DOM1,SYSTEM@C358,C358,C358,Negotiate,Service,LogOn,Success
4,C369$@DOM1,SYSTEM@C369,C369,C369,Negotiate,Service,LogOn,Success
4,C371$@DOM1,SYSTEM@C371,C371,C371,Negotiate,Service,LogOn,Success
4,C3718$@DOM1,SYSTEM@C3718,C3718,C3718,Negotiate,Service,LogOn,Success
4,C373$@DOM1,SYSTEM@C373,C373,C373,Negotiate,Service,LogOn,Success
4,C3748$@DOM1,SYSTEM@C3748,C3748,C3748,Negotiate,Service,LogOn,Success
4,C376$@DOM1,SYSTEM@C376,C376,C376,Negotiate,Service,LogOn,Success
4,C378$@DOM1,SYSTEM@C378,C378,C378,Negotiate,Service,LogOn,Success
4,C382$@DOM1,SYSTEM@C382,C382,C382,Negotiate,Service,LogOn,Success
4,C3854$@DOM1,SYSTEM@C3854,C3854,C3854,Negotiate,Service,LogOn,Success
4,C3859$@DOM1,SYSTEM@C3859,C3859,C3859,Negotiate,Service,LogOn,Success
4,C389$@DOM1,SYSTEM@C389,C389,C389,Negotiate,Service,LogOn,Success
4,C3890$@DOM1,SYSTEM@C3890,C3890,C3890,Negotiate,Service,LogOn,Success
4,C394$@DOM1,SYSTEM@C394,C394,C394,Negotiate,Service,LogOn,Success
4,C395$@DOM1,C395$@DOM1,C395,C457,Kerberos,Network,LogOn,Success
4,C403$@DOM1,SYSTEM@C403,C403,C403,Negotiate,Service,LogOn,Success
4,C407$@DOM1,SYSTEM@C407,C407,C407,Negotiate,Service,LogOn,Success
4,C412$@DOM1,SYSTEM@C412,C412,C412,Negotiate,Service,LogOn,Success
4,C413$@DOM1,SYSTEM@C413,C413,C413,Negotiate,Service,LogOn,Success
4,C415$@DOM1,SYSTEM@C415,C415,C415,Negotiate,Service,LogOn,Success
4,C4192$@DOM1,C4192$@DOM1,C457,C457,?,Network,LogOff,Success
4,C420$@DOM1,SYSTEM@C420,C420,C420,Negotiate,Service,LogOn,Success
4,C436$@DOM1,SYSTEM@C436,C436,C436,Negotiate,Service,LogOn,Success
4,C44$@DOM1,SYSTEM@C44,C44,C44,Negotiate,Service,LogOn,Success
4,C442$@DOM1,SYSTEM@C442,C442,C442,Negotiate,Service,LogOn,Success
4,C443$@DOM1,SYSTEM@C443,C443,C443,Negotiate,Service,LogOn,Success
4,C444$@DOM1,SYSTEM@C444,C444,C444,Negotiate,Service,LogOn,Success
4,C445$@DOM1,SYSTEM@C445,C445,C445,Negotiate,Service,LogOn,Success
4,C453$@DOM1,SYSTEM@C453,C453,C453,Negotiate,Service,LogOn,Success
4,C454$@DOM1,SYSTEM@C454,C454,C454,Negotiate,Service,LogOn,Success
4,C720$@DOM1,SYSTEM@C720,C720,C720,Negotiate,Service,LogOn,Success
4,C721$@DOM1,SYSTEM@C721,C721,C721,Negotiate,Service,LogOn,Success
4,C733$@DOM1,SYSTEM@C733,C733,C733,Negotiate,Service,LogOn,Success
4,C735$@DOM1,SYSTEM@C735,C735,C735,Negotiate,Service,LogOn,Success
4,C737$@DOM1,SYSTEM@C737,C737,C737,Negotiate,Service,LogOn,Success
4,C746$@DOM1,SYSTEM@C746,C746,C746,Negotiate,Service,LogOn,Success
4,C747$@DOM1,SYSTEM@C747,C747,C747,Negotiate,Service,LogOn,Success
4,C753$@DOM1,SYSTEM@C753,C753,C753,Negotiate,Service,LogOn,Success
4,C769$@DOM1,SYSTEM@C769,C769,C769,Negotiate,Service,LogOn,Success
4,C77$@DOM1,SYSTEM@C77,C77,C77,Negotiate,Service,LogOn,Success
4,C771$@DOM1,SYSTEM@C771,C771,C771,Negotiate,Service,LogOn,Success
4,C777$@DOM1,C777$@DOM1,C529,C529,?,Network,LogOff,Success
4,C780$@DOM1,SYSTEM@C780,C780,C780,Negotiate,Service,LogOn,Success
4,C79$@DOM1,SYSTEM@C79,C79,C79,Negotiate,Service,LogOn,Success
4,C790$@DOM1,SYSTEM@C790,C790,C790,Negotiate,Service,LogOn,Success
4,C797$@DOM1,SYSTEM@C797,C797,C797,Negotiate,Service,LogOn,Success
4,C799$@DOM1,SYSTEM@C799,C799,C799,Negotiate,Service,LogOn,Success
4,C8$@DOM1,SYSTEM@C8,C8,C8,Negotiate,Service,LogOn,Success
4,C800$@DOM1,SYSTEM@C800,C800,C800,Negotiate,Service,LogOn,Success
4,C807$@DOM1,SYSTEM@C807,C807,C807,Negotiate,Service,LogOn,Success
4,C814$@DOM1,SYSTEM@C814,C814,C814,Negotiate,Service,LogOn,Success
4,C816$@DOM1,SYSTEM@C816,C816,C816,Negotiate,Service,LogOn,Success
4,C817$@DOM1,SYSTEM@C817,C817,C817,Negotiate,Service,LogOn,Success
4,C819$@DOM1,SYSTEM@C819,C819,C819,Negotiate,Service,LogOn,Success
4,C82$@DOM1,SYSTEM@C82,C82,C82,Negotiate,Service,LogOn,Success
4,C825$@DOM1,SYSTEM@C825,C825,C825,Negotiate,Service,LogOn,Success
4,C830$@DOM1,SYSTEM@C830,C830,C830,Negotiate,Service,LogOn,Success
4,C835$@DOM1,SYSTEM@C835,C835,C835,Negotiate,Service,LogOn,Success
4,C837$@DOM1,SYSTEM@C837,C837,C837,Negotiate,Service,LogOn,Success
4,C845$@DOM1,SYSTEM@C845,C845,C845,Negotiate,Service,LogOn,Success
4,C847$@DOM1,SYSTEM@C847,C847,C847,Negotiate,Service,LogOn,Success
4,C852$@DOM1,SYSTEM@C852,C852,C852,Negotiate,Service,LogOn,Success
4,C854$@DOM1,SYSTEM@C854,C854,C854,Negotiate,Service,LogOn,Success
4,C855$@DOM1,SYSTEM@C855,C855,C855,Negotiate,Service,LogOn,Success
4,C859$@DOM1,SYSTEM@C859,C859,C859,Negotiate,Service,LogOn,Success
4,C866$@DOM1,SYSTEM@C866,C866,C866,Negotiate,Service,LogOn,Success
4,C870$@DOM1,SYSTEM@C870,C870,C870,Negotiate,Service,LogOn,Success
4,C876$@DOM1,SYSTEM@C876,C876,C876,Negotiate,Service,LogOn,Success
4,C877$@DOM1,SYSTEM@C877,C877,C877,Negotiate,Service,LogOn,Success
4,C878$@DOM1,SYSTEM@C878,C878,C878,Negotiate,Service,LogOn,Success
4,C88$@DOM1,SYSTEM@C88,C88,C88,Negotiate,Service,LogOn,Success
4,C887$@DOM1,SYSTEM@C887,C887,C887,Negotiate,Service,LogOn,Success
4,C890$@DOM1,SYSTEM@C890,C890,C890,Negotiate,Service,LogOn,Success
4,C891$@DOM1,SYSTEM@C891,C891,C891,Negotiate,Service,LogOn,Success
4,C894$@DOM1,SYSTEM@C894,C894,C894,Negotiate,Service,LogOn,Success
4,C896$@DOM1,SYSTEM@C896,C896,C896,Negotiate,Service,LogOn,Success
4,C897$@DOM1,SYSTEM@C897,C897,C897,Negotiate,Service,LogOn,Success
4,C898$@DOM1,SYSTEM@C898,C898,C898,Negotiate,Service,LogOn,Success
4,C903$@DOM1,SYSTEM@C903,C903,C903,Negotiate,Service,LogOn,Success
4,C904$@DOM1,SYSTEM@C904,C904,C904,Negotiate,Service,LogOn,Success
4,C907$@DOM1,SYSTEM@C907,C907,C907,Negotiate,Service,LogOn,Success
4,C912$@DOM1,SYSTEM@C912,C912,C912,Negotiate,Service,LogOn,Success
4,C914$@DOM1,SYSTEM@C914,C914,C914,Negotiate,Service,LogOn,Success
4,C918$@DOM1,SYSTEM@C918,C918,C918,Negotiate,Service,LogOn,Success
4,C925$@DOM1,SYSTEM@C925,C925,C925,Negotiate,Service,LogOn,Success
4,C929$@DOM1,SYSTEM@C929,C929,C929,Negotiate,Service,LogOn,Success
